{
    "name": "root",
    "metadata": {
        "timer_format_version": "0.1.0",
        "start_time_seconds": "1717247703",
        "python_version": "3.7.9 (tags/v3.7.9:13c94747c7, Aug 17 2020, 18:58:18) [MSC v.1900 64 bit (AMD64)]",
        "command_line_arguments": "C:\\Users\\sasch\\AppData\\Local\\Programs\\Python\\Python37\\Scripts\\mlagents-learn Assets/config/Bomberman_configFull.yaml --run-id=BombermanAgentFull --resume",
        "mlagents_version": "0.27.0",
        "mlagents_envs_version": "0.27.0",
        "communication_protocol_version": "1.5.0",
        "pytorch_version": "1.7.1+cu110",
        "numpy_version": "1.21.6",
        "end_time_seconds": "1717247736"
    },
    "total": 32.3306827,
    "count": 1,
    "self": 0.0268745999999922,
    "children": {
        "run_training.setup": {
            "total": 0.08722620000000014,
            "count": 1,
            "self": 0.08722620000000014
        },
        "TrainerController.start_learning": {
            "total": 32.2165819,
            "count": 1,
            "self": 0.0257812000000186,
            "children": {
                "TrainerController._reset_env": {
                    "total": 17.6187813,
                    "count": 1,
                    "self": 17.6187813
                },
                "TrainerController.advance": {
                    "total": 14.428869199999983,
                    "count": 1532,
                    "self": 0.02388919999997441,
                    "children": {
                        "env_step": {
                            "total": 14.261698900000052,
                            "count": 1532,
                            "self": 8.947412700000015,
                            "children": {
                                "SubprocessEnvManager._take_step": {
                                    "total": 5.296706399999994,
                                    "count": 1532,
                                    "self": 0.09471950000001073,
                                    "children": {
                                        "TorchPolicy.evaluate": {
                                            "total": 5.201986899999984,
                                            "count": 1528,
                                            "self": 1.8625946000000084,
                                            "children": {
                                                "TorchPolicy.sample_actions": {
                                                    "total": 3.3393922999999752,
                                                    "count": 1528,
                                                    "self": 3.3393922999999752
                                                }
                                            }
                                        }
                                    }
                                },
                                "workers": {
                                    "total": 0.017579800000042667,
                                    "count": 1531,
                                    "self": 0.0,
                                    "children": {
                                        "worker_root": {
                                            "total": 16.475161100000047,
                                            "count": 1531,
                                            "is_parallel": true,
                                            "self": 8.888435500000064,
                                            "children": {
                                                "steps_from_proto": {
                                                    "total": 0.003768600000000788,
                                                    "count": 1,
                                                    "is_parallel": true,
                                                    "self": 0.001287600000003053,
                                                    "children": {
                                                        "_process_rank_one_or_two_observation": {
                                                            "total": 0.002480999999997735,
                                                            "count": 2,
                                                            "is_parallel": true,
                                                            "self": 0.002480999999997735
                                                        }
                                                    }
                                                },
                                                "UnityEnvironment.step": {
                                                    "total": 7.582956999999983,
                                                    "count": 1531,
                                                    "is_parallel": true,
                                                    "self": 0.1400468000002384,
                                                    "children": {
                                                        "UnityEnvironment._generate_step_input": {
                                                            "total": 0.14804189999990314,
                                                            "count": 1531,
                                                            "is_parallel": true,
                                                            "self": 0.14804189999990314
                                                        },
                                                        "communicator.exchange": {
                                                            "total": 6.857982499999949,
                                                            "count": 1531,
                                                            "is_parallel": true,
                                                            "self": 6.857982499999949
                                                        },
                                                        "steps_from_proto": {
                                                            "total": 0.4368857999998923,
                                                            "count": 1531,
                                                            "is_parallel": true,
                                                            "self": 0.2680515000000412,
                                                            "children": {
                                                                "_process_rank_one_or_two_observation": {
                                                                    "total": 0.1688342999998511,
                                                                    "count": 3062,
                                                                    "is_parallel": true,
                                                                    "self": 0.1688342999998511
                                                                }
                                                            }
                                                        }
                                                    }
                                                }
                                            }
                                        }
                                    }
                                }
                            }
                        },
                        "trainer_advance": {
                            "total": 0.14328109999995675,
                            "count": 1531,
                            "self": 0.03366260000004928,
                            "children": {
                                "process_trajectory": {
                                    "total": 0.10961849999990747,
                                    "count": 1531,