{
    "name": "root",
    "gauges": {
        "BombermanAgent.Policy.Entropy.mean": {
            "value": 1.3958922624588013,
            "min": 1.3958922624588013,
            "max": 1.4153670072555542,
            "count": 3
        },
        "BombermanAgent.Policy.Entropy.sum": {
            "value": 6969.68994140625,
            "min": 6969.68994140625,
            "max": 7079.666015625,
            "count": 3
        },
        "BombermanAgent.Environment.EpisodeLength.mean": {
            "value": 1.9720238095238096,
            "min": 1.9720238095238096,
            "max": 6.421364985163205,
            "count": 3
        },
        "BombermanAgent.Environment.EpisodeLength.sum": {
            "value": 3313.0,
            "min": 3313.0,
            "max": 4328.0,
            "count": 3
        },
        "BombermanAgent.Step.mean": {
            "value": 14993.0,
            "min": 4999.0,
            "max": 14993.0,
            "count": 3
        },
        "BombermanAgent.Step.sum": {
            "value": 14993.0,
            "min": 4999.0,
            "max": 14993.0,
            "count": 3
        },
        "BombermanAgent.Policy.ExtrinsicValueEstimate.mean": {
            "value": 0.9677163362503052,
            "min": 0.5174927115440369,
            "max": 0.9677163362503052,
            "count": 3
        },
        "BombermanAgent.Policy.ExtrinsicValueEstimate.sum": {
            "value": 1625.763427734375,
            "min": 348.2725830078125,
            "max": 1625.763427734375,
            "count": 3
        },
        "BombermanAgent.Environment.CumulativeReward.mean": {
            "value": 0.9940476190476191,
            "min": 0.6983655274888558,
            "max": 0.9940476190476191,
            "count": 3
        },
        "BombermanAgent.Environment.CumulativeReward.sum": {
            "value": 1670.0,
            "min": 470.0,
            "max": 1670.0,
            "count": 3
        },
        "BombermanAgent.Policy.ExtrinsicReward.mean": {
            "value": 0.9940476190476191,
            "min": 0.6983655274888558,
            "max": 0.9940476190476191,
            "count": 3
        },
        "BombermanAgent.Policy.ExtrinsicReward.sum": {
            "value": 1670.0,
            "min": 470.0,
            "max": 1670.0,
            "count": 3
        },
        "BombermanAgent.Losses.PolicyLoss.mean": {
            "value": 0.24687318101779648,
            "min": 0.24245476636419125,
            "max": 0.24687318101779648,
            "count": 3
        },
        "BombermanAgent.Losses.PolicyLoss.sum": {
            "value": 9.381180878676266,
            "min": 9.035637130762614,
            "max": 9.381180878676266,
            "count": 3
        },
        "BombermanAgent.Losses.ValueLoss.mean": {
            "value": 0.02156068115245138,
            "min": 0.02156068115245138,
            "max": 0.16798363438325006,
            "count": 3
        },
        "BombermanAgent.Losses.ValueLoss.sum": {
            "value": 0.8193058837931524,
            "min": 0.8193058837931524,
            "max": 6.215394472180252,
            "count": 3
        },
        "BombermanAgent.Policy.LearningRate.mean": {
            "value": 0.00026262293351165785,
            "min": 0.00026262293351165785,
            "max": 0.0002923444079572703,
            "count": 3
        },
        "BombermanAgent.Policy.LearningRate.sum": {
            "value": 0.009979671473442997,
            "min": 0.009979671473442997,
            "max": 0.010816743094419,
            "count": 3
        },
        "BombermanAgent.Policy.Epsilon.mean": {
            "value": 0.18754097368421052,
            "min": 0.18754097368421052,
            "max": 0.19744813513513515,
            "count": 3
        },
        "BombermanAgent.Policy.Epsilon.sum": {
            "value": 7.126557,
            "min": 7.126557,
            "max": 7.315131000000002,
            "count": 3
        },
        "BombermanAgent.Policy.Beta.mean": {
            "value": 0.004378294586842106,
            "min": 0.004378294586842106,
            "max": 0.0048726619432432425,
            "count": 3
        },
        "BombermanAgent.Policy.Beta.sum": {
            "value": 0.16637519430000003,
            "min": 0.16637519430000003,
            "max": 0.1802884919,
            "count": 3
        },
        "BombermanAgent.IsTraining.mean": {
            "value": 1.0,
            "min": 1.0,
            "max": 1.0,
            "count": 3
        },
        "BombermanAgent.IsTraining.sum": {
            "value": 1.0,
            "min": 1.0,
            "max": 1.0,
            "count": 3
        }
    },
    "metadata": {
        "timer_format_version": "0.1.0",
        "start_time_seconds": "1714072605",
        "python_version": "3.7.9 (tags/v3.7.9:13c94747c7, Aug 17 2020, 18:58:18) [MSC v.1900 64 bit (AMD64)]",
        "command_line_arguments": "C:\\Users\\sasch\\AppData\\Local\\Programs\\Python\\Python37\\Scripts\\mlagents-learn Assets/config/Bomberman_config.yaml --run-id=BombermanAgent --force",
        "mlagents_version": "0.27.0",
        "mlagents_envs_version": "0.27.0",
        "communication_protocol_version": "1.5.0",
        "pytorch_version": "1.7.1+cu110",
        "numpy_version": "1.21.6",
        "end_time_seconds": "1714072843"
    },
    "total": 237.7001001,
    "count": 1,
    "self": 0.005551899999971965,
    "children": {
        "run_training.setup": {
            "total": 0.08552660000000012,
            "count": 1,
            "self": 0.08552660000000012
        },
        "TrainerController.start_learning": {
            "total": 237.6090216,
            "count": 1,
            "self": 0.43790270000124565,
            "children": {
                "TrainerController._reset_env": {
                    "total": 7.3815746,
                    "count": 1,
                    "self": 7.3815746
                },
                "TrainerController.advance": {
                    "total": 229.70538899999877,
                    "count": 23728,
                    "self": 0.37522930000440624,
                    "children": {
                        "env_step": {
                            "total": 175.79756579999773,
                            "count": 23728,
                            "self": 139.05793539999684,
                            "children": {
                                "SubprocessEnvManager._take_step": {
                                    "total": 36.465553699999944,
                                    "count": 23728,
                                    "self": 1.2803193999980138,
                                    "children": {
                                        "TorchPolicy.evaluate": {
                                            "total": 35.18523430000193,
                                            "count": 18838,
                                            "self": 19.433483700002153,
                                            "children": {
                                                "TorchPolicy.sample_actions": {
                                                    "total": 15.751750599999777,
                                                    "count": 18838,
                                                    "self": 15.751750599999777
                                                }
                                            }
                                        }
                                    }
                                },
                                "workers": {
                                    "total": 0.27407670000094164,
                                    "count": 23727,
                                    "self": 0.0,
                                    "children": {
                                        "worker_root": {
                                            "total": 230.94748789999858,
                                            "count": 23727,