{
    "name": "root",
    "gauges": {
        "BombermanAgent.Policy.Entropy.mean": {
            "value": 1.4255670309066772,
            "min": 1.4223887920379639,
            "max": 1.4255670309066772,
            "count": 2
        },
        "BombermanAgent.Policy.Entropy.sum": {
            "value": 1419.86474609375,
            "min": 1419.86474609375,
            "max": 1432.345458984375,
            "count": 2
        },
        "BombermanAgent.Environment.EpisodeLength.mean": {
            "value": 46.42857142857143,
            "min": 44.77272727272727,
            "max": 46.42857142857143,
            "count": 2
        },
        "BombermanAgent.Environment.EpisodeLength.sum": {
            "value": 975.0,
            "min": 975.0,
            "max": 985.0,
            "count": 2
        },
        "BombermanAgent.Step.mean": {
            "value": 1953.0,
            "min": 957.0,
            "max": 1953.0,
            "count": 2
        },
        "BombermanAgent.Step.sum": {
            "value": 1953.0,
            "min": 957.0,
            "max": 1953.0,
            "count": 2
        },
        "BombermanAgent.Policy.ExtrinsicValueEstimate.mean": {
            "value": -0.5704993009567261,
            "min": -0.5704993009567261,
            "max": -0.4169849157333374,
            "count": 2
        },
        "BombermanAgent.Policy.ExtrinsicValueEstimate.sum": {
            "value": -11.980485916137695,
            "min": -11.980485916137695,
            "max": -8.756683349609375,
            "count": 2
        },
        "BombermanAgent.Environment.CumulativeReward.mean": {
            "value": -0.8095238095238095,
            "min": -0.8095238095238095,
            "max": -0.7142857142857143,
            "count": 2
        },
        "BombermanAgent.Environment.CumulativeReward.sum": {
            "value": -17.0,
            "min": -17.0,
            "max": -15.0,
            "count": 2
        },
        "BombermanAgent.Policy.ExtrinsicReward.mean": {
            "value": -0.8095238095238095,
            "min": -0.8095238095238095,
            "max": -0.7142857142857143,
            "count": 2
        },
        "BombermanAgent.Policy.ExtrinsicReward.sum": {
            "value": -17.0,
            "min": -17.0,
            "max": -15.0,
            "count": 2
        },
        "BombermanAgent.Losses.PolicyLoss.mean": {
            "value": 0.23150289974177385,
            "min": 0.23150289974177385,
            "max": 0.23337664941725936,
            "count": 2
        },
        "BombermanAgent.Losses.PolicyLoss.sum": {
            "value": 1.620520298192417,
            "min": 1.4002598965035562,
            "max": 1.620520298192417,
            "count": 2
        },
        "BombermanAgent.Losses.ValueLoss.mean": {
            "value": 0.07008063506541981,
            "min": 0.07008063506541981,
            "max": 0.14011145418836865,
            "count": 2
        },
        "BombermanAgent.Losses.ValueLoss.sum": {
            "value": 0.49056444545793865,
            "min": 0.49056444545793865,
            "max": 0.840668725130212,
            "count": 2
        },
        "BombermanAgent.Policy.LearningRate.mean": {
            "value": 0.00029548328721985714,
            "min": 0.00029548328721985714,
            "max": 0.00029844300051899995,
            "count": 2
        },
        "BombermanAgent.Policy.LearningRate.sum": {
            "value": 0.002068383010539,
            "min": 0.0017906580031139998,
            "max": 0.002068383010539,
            "count": 2
        },
        "BombermanAgent.Policy.Epsilon.mean": {
            "value": 0.19849442857142854,
            "min": 0.19849442857142854,
            "max": 0.19948100000000002,
            "count": 2
        },
        "BombermanAgent.Policy.Epsilon.sum": {
            "value": 1.3894609999999998,
            "min": 1.1968860000000001,
            "max": 1.3894609999999998,
            "count": 2
        },
        "BombermanAgent.Policy.Beta.mean": {
            "value": 0.004924871985714285,
            "min": 0.004924871985714285,
            "max": 0.0049741019000000015,
            "count": 2
        },
        "BombermanAgent.Policy.Beta.sum": {
            "value": 0.0344741039,
            "min": 0.02984461140000001,
            "max": 0.0344741039,
            "count": 2
        },
        "BombermanAgent.IsTraining.mean": {
            "value": 1.0,
            "min": 1.0,
            "max": 1.0,
            "count": 2
        },
        "BombermanAgent.IsTraining.sum": {
            "value": 1.0,
            "min": 1.0,
            "max": 1.0,
            "count": 2
        }
    },
    "metadata": {
        "timer_format_version": "0.1.0",
        "start_time_seconds": "1713351789",
        "python_version": "3.8.0 (tags/v3.8.0:fa919fd, Oct 14 2019, 19:37:50) [MSC v.1916 64 bit (AMD64)]",
        "command_line_arguments": "C:\\Users\\sasch\\AppData\\Local\\Programs\\Python\\Python38\\Scripts\\mlagents-learn Assets/config/Bomberman_config.yaml --run-id=BombermanAgent --force",
        "mlagents_version": "0.29.0",
        "mlagents_envs_version": "0.29.0",
        "communication_protocol_version": "1.5.0",
        "pytorch_version": "1.6.0+cpu",
        "numpy_version": "1.19.5",
        "end_time_seconds": "1713352004"
    },
    "total": 215.5202202,
    "count": 1,
    "self": 0.006214200000044912,
    "children": {
        "run_training.setup": {
            "total": 0.2070748,
            "count": 1,
            "self": 0.2070748
        },
        "TrainerController.start_learning": {
            "total": 215.30693119999998,
            "count": 1,
            "self": 0.0401450999999895,
            "children": {
                "TrainerController._reset_env": {
                    "total": 10.567746,
                    "count": 1,
                    "self": 10.567746
                },
                "TrainerController.advance": {
                    "total": 204.28111689999997,
                    "count": 2330,
                    "self": 0.03656200000040144,
                    "children": {
                        "env_step": {
                            "total": 201.19401519999974,
                            "count": 2330,
                            "self": 198.67879839999964,
                            "children": {
                                "SubprocessEnvManager._take_step": {
                                    "total": 2.4864131999999763,
                                    "count": 2330,
                                    "self": 0.10162560000009435,
                                    "children": {
                                        "TorchPolicy.evaluate": {
                                            "total": 2.384787599999882,
                                            "count": 2291,
                                            "self": 0.5674362999999243,
                                            "children": {
                                                "TorchPolicy.sample_actions": {
                                                    "total": 1.8173512999999577,
                                                    "count": 2291,
                                                    "self": 1.8173512999999577
                                                }
                                            }
                                        }
                                    }
                                },
                                "workers": {
                                    "total": 0.028803600000124163,
                                    "count": 2329,
                                    "self": 0.0,
                                    "children": {
                                        "worker_root": {
                                            "total": 83.25672880000002,
                                            "count": 2329,