{
    "name": "root",
    "metadata": {
        "timer_format_version": "0.1.0",
        "start_time_seconds": "1714058136",
        "python_version": "3.7.9 (tags/v3.7.9:13c94747c7, Aug 17 2020, 18:58:18) [MSC v.1900 64 bit (AMD64)]",
        "command_line_arguments": "C:\\Users\\sasch\\AppData\\Local\\Programs\\Python\\Python37\\Scripts\\mlagents-learn Assets/config/Bomberman_config.yaml --run-id=BombermanAgent --force",
        "mlagents_version": "0.27.0",
        "mlagents_envs_version": "0.27.0",
        "communication_protocol_version": "1.5.0",
        "pytorch_version": "1.7.1+cu110",
        "numpy_version": "1.21.6",
        "end_time_seconds": "1714058214"
    },
    "total": 78.5843767,
    "count": 1,
    "self": 0.005173800000008555,
    "children": {
        "run_training.setup": {
            "total": 0.1757944999999994,
            "count": 1,
            "self": 0.1757944999999994
        },
        "TrainerController.start_learning": {
            "total": 78.4034084,
            "count": 1,
            "self": 0.015369199999980765,
            "children": {
                "TrainerController._reset_env": {
                    "total": 8.450869999999998,
                    "count": 1,
                    "self": 8.450869999999998
                },
                "TrainerController.advance": {
                    "total": 69.78141230000003,
                    "count": 899,
                    "self": 0.014238199999994094,
                    "children": {
                        "env_step": {
                            "total": 67.64464410000004,
                            "count": 899,
                            "self": 64.13852010000005,
                            "children": {
                                "SubprocessEnvManager._take_step": {
                                    "total": 3.4967614999999697,
                                    "count": 899,
                                    "self": 0.0553361999999229,
                                    "children": {
                                        "TorchPolicy.evaluate": {
                                            "total": 3.4414253000000468,
                                            "count": 867,
                                            "self": 1.1607749000000567,
                                            "children": {
                                                "TorchPolicy.sample_actions": {
                                                    "total": 2.28065039999999,
                                                    "count": 867,
                                                    "self": 2.28065039999999
                                                }
                                            }
                                        }
                                    }
                                },
                                "workers": {
                                    "total": 0.009362500000015928,
                                    "count": 898,
                                    "self": 0.0,
                                    "children": {
                                        "worker_root": {
                                            "total": 11.683831099999983,
                                            "count": 898,
                                            "is_parallel": true,
                                            "self": 8.419738599999944,
                                            "children": {
                                                "steps_from_proto": {
                                                    "total": 0.003582200000000313,
                                                    "count": 1,
                                                    "is_parallel": true,
                                                    "self": 0.0012313999999999936,
                                                    "children": {
                                                        "_process_rank_one_or_two_observation": {
                                                            "total": 0.0023508000000003193,
                                                            "count": 2,
                                                            "is_parallel": true,
                                                            "self": 0.0023508000000003193
                                                        }
                                                    }
                                                },
                                                "UnityEnvironment.step": {
                                                    "total": 3.260510300000039,
                                                    "count": 898,
                                                    "is_parallel": true,
                                                    "self": 0.07512229999998077,
                                                    "children": {
                                                        "UnityEnvironment._generate_step_input": {
                                                            "total": 0.08237839999998897,
                                                            "count": 898,
                                                            "is_parallel": true,
                                                            "self": 0.08237839999998897
                                                        },
                                                        "communicator.exchange": {
                                                            "total": 2.8737146000000227,
                                                            "count": 898,
                                                            "is_parallel": true,
                                                            "self": 2.8737146000000227
                                                        },
                                                        "steps_from_proto": {
                                                            "total": 0.22929500000004666,
                                                            "count": 898,
                                                            "is_parallel": true,
                                                            "self": 0.1384694000000959,
                                                            "children": {
                                                                "_process_rank_one_or_two_observation": {
                                                                    "total": 0.09082559999995077,
                                                                    "count": 1796,
                                                                    "is_parallel": true,
                                                                    "self": 0.09082559999995077
                                                                }
                                                            }
                                                        }
                                                    }
                                                }
                                            }
                                        }
                                    }
                                }
                            }
                        },
                        "trainer_advance": {
                            "total": 2.1225300000000047,
                            "count": 898,
                            "self": 0.01975349999997178,
                            "children": {
                                "process_trajectory": {
                                    "total": 0.11288770000003012,
                                    "count": 898,
                                    "self": 0.11288770000003012
                                },