{
    "name": "root",
    "metadata": {
        "timer_format_version": "0.1.0",
        "start_time_seconds": "1714582594",
        "python_version": "3.7.9 (tags/v3.7.9:13c94747c7, Aug 17 2020, 18:58:18) [MSC v.1900 64 bit (AMD64)]",
        "command_line_arguments": "C:\\Users\\sasch\\AppData\\Local\\Programs\\Python\\Python37\\Scripts\\mlagents-learn Assets/config/Bomberman_config.yaml --run-id=BombermanAgent --force",
        "mlagents_version": "0.27.0",
        "mlagents_envs_version": "0.27.0",
        "communication_protocol_version": "1.5.0",
        "pytorch_version": "1.7.1+cu110",
        "numpy_version": "1.21.6",
        "end_time_seconds": "1714582670"
    },
    "total": 76.1931864,
    "count": 1,
    "self": 0.005085399999998685,
    "children": {
        "run_training.setup": {
            "total": 0.08512760000000008,
            "count": 1,
            "self": 0.08512760000000008
        },
        "TrainerController.start_learning": {
            "total": 76.1029734,
            "count": 1,
            "self": 0.08452080000017759,
            "children": {
                "TrainerController._reset_env": {
                    "total": 10.5915472,
                    "count": 1,
                    "self": 10.5915472
                },
                "TrainerController.advance": {
                    "total": 65.34617309999983,
                    "count": 4991,
                    "self": 0.07602690000020118,
                    "children": {
                        "env_step": {
                            "total": 53.53114739999966,
                            "count": 4991,
                            "self": 44.1166088000002,
                            "children": {
                                "SubprocessEnvManager._take_step": {
                                    "total": 9.360623399999598,
                                    "count": 4991,
                                    "self": 0.3193404999999778,
                                    "children": {
                                        "TorchPolicy.evaluate": {
                                            "total": 9.04128289999962,
                                            "count": 4991,
                                            "self": 4.816135199999664,
                                            "children": {
                                                "TorchPolicy.sample_actions": {
                                                    "total": 4.225147699999956,
                                                    "count": 4991,
                                                    "self": 4.225147699999956
                                                }
                                            }
                                        }
                                    }
                                },
                                "workers": {
                                    "total": 0.05391519999986194,
                                    "count": 4990,
                                    "self": 0.0,
                                    "children": {
                                        "worker_root": {
                                            "total": 66.49971049999971,
                                            "count": 4990,
                                            "is_parallel": true,
                                            "self": 26.514484799999565,
                                            "children": {
                                                "steps_from_proto": {
                                                    "total": 0.0004967999999987427,
                                                    "count": 1,
                                                    "is_parallel": true,
                                                    "self": 0.00022679999999830613,
                                                    "children": {
                                                        "_process_rank_one_or_two_observation": {
                                                            "total": 0.00027000000000043656,
                                                            "count": 2,
                                                            "is_parallel": true,
                                                            "self": 0.00027000000000043656
                                                        }
                                                    }
                                                },
                                                "UnityEnvironment.step": {
                                                    "total": 39.98472890000014,
                                                    "count": 4990,
                                                    "is_parallel": true,
                                                    "self": 0.4073858999996389,
                                                    "children": {
                                                        "UnityEnvironment._generate_step_input": {
                                                            "total": 0.4115344000001411,
                                                            "count": 4990,
                                                            "is_parallel": true,
                                                            "self": 0.4115344000001411
                                                        },
                                                        "communicator.exchange": {
                                                            "total": 38.13002229999992,
                                                            "count": 4990,
                                                            "is_parallel": true,
                                                            "self": 38.13002229999992
                                                        },
                                                        "steps_from_proto": {
                                                            "total": 1.0357863000004386,
                                                            "count": 4990,
                                                            "is_parallel": true,
                                                            "self": 0.5124283000008436,
                                                            "children": {
                                                                "_process_rank_one_or_two_observation": {
                                                                    "total": 0.523357999999595,
                                                                    "count": 9980,
                                                                    "is_parallel": true,
                                                                    "self": 0.523357999999595
                                                                }
                                                            }
                                                        }
                                                    }
                                                }
                                            }
                                        }
                                    }
                                }
                            }
                        },
                        "trainer_advance": {
                            "total": 11.738998799999967,
                            "count": 4990,
                            "self": 0.10633120000003693,
                            "children": {
                                "process_trajectory": {
                                    "total": 0.6132204999999296,
                                    "count": 4990,
                                    "self": 0.6132204999999296
                                },