{
    "name": "root",
    "gauges": {
        "BombermanAgent.Policy.Entropy.mean": {
            "value": 0.747286319732666,
            "min": 0.7472192049026489,
            "max": 0.7541297078132629,
            "count": 205
        },
        "BombermanAgent.Policy.Entropy.sum": {
            "value": 3737.926025390625,
            "min": 2539.841796875,
            "max": 3825.67626953125,
            "count": 205
        },
        "BombermanAgent.Environment.EpisodeLength.mean": {
            "value": 6.207492795389049,
            "min": 5.941666666666666,
            "max": 11.348314606741573,
            "count": 205
        },
        "BombermanAgent.Environment.EpisodeLength.sum": {
            "value": 4308.0,
            "min": 3030.0,
            "max": 4653.0,
            "count": 205
        },
        "BombermanAgent.Step.mean": {
            "value": 4969996.0,
            "min": 3949983.0,
            "max": 4969996.0,
            "count": 205
        },
        "BombermanAgent.Step.sum": {
            "value": 4969996.0,
            "min": 3949983.0,
            "max": 4969996.0,
            "count": 205
        },
        "BombermanAgent.Policy.ExtrinsicValueEstimate.mean": {
            "value": 0.9140242338180542,
            "min": 0.7968562841415405,
            "max": 0.9191733598709106,
            "count": 205
        },
        "BombermanAgent.Policy.ExtrinsicValueEstimate.sum": {
            "value": 647.129150390625,
            "min": 233.9102783203125,
            "max": 676.809814453125,
            "count": 205
        },
        "BombermanAgent.Environment.CumulativeReward.mean": {
            "value": 0.9596541786743515,
            "min": 0.8801498127340824,
            "max": 0.9611111111111111,
            "count": 205
        },
        "BombermanAgent.Environment.CumulativeReward.sum": {
            "value": 666.0,
            "min": 235.0,
            "max": 693.0,
            "count": 205
        },
        "BombermanAgent.Policy.ExtrinsicReward.mean": {
            "value": 0.9596541786743515,
            "min": 0.8801498127340824,
            "max": 0.9611111111111111,
            "count": 205
        },
        "BombermanAgent.Policy.ExtrinsicReward.sum": {
            "value": 666.0,
            "min": 235.0,
            "max": 693.0,
            "count": 205
        },
        "BombermanAgent.Losses.PolicyLoss.mean": {
            "value": 0.07411395698242511,
            "min": 0.05413304515726243,
            "max": 0.08890296934017292,
            "count": 205
        },
        "BombermanAgent.Losses.PolicyLoss.sum": {
            "value": 0.2223418709472753,
            "min": 0.07063561549875885,
            "max": 0.23157167003955692,
            "count": 205
        },
        "BombermanAgent.Losses.ValueLoss.mean": {
            "value": 0.011717499657404713,
            "min": 0.009074600483775916,
            "max": 0.02148126147868526,
            "count": 205
        },
        "BombermanAgent.Losses.ValueLoss.sum": {
            "value": 0.03515249897221414,
            "min": 0.017023926581411313,
            "max": 0.06444378443605578,
            "count": 205
        },
        "BombermanAgent.Policy.LearningRate.mean": {
            "value": 1.9633993455666678e-06,
            "min": 1.9633993455666678e-06,
            "max": 6.30714789762e-05,
            "count": 205
        },
        "BombermanAgent.Policy.LearningRate.sum": {
            "value": 5.890198036700003e-06,
            "min": 4.5537184821600105e-06,
            "max": 0.0001884743371753,
            "count": 205
        },
        "BombermanAgent.Policy.Epsilon.mean": {
            "value": 0.10065443333333335,
            "min": 0.10065443333333335,
            "max": 0.12102380000000001,
            "count": 205
        },
        "BombermanAgent.Policy.Epsilon.sum": {
            "value": 0.30196330000000005,
            "min": 0.12102380000000001,
            "max": 0.36282470000000006,
            "count": 205
        },
        "BombermanAgent.Policy.Beta.mean": {
            "value": 4.265622333333335e-05,
            "min": 4.265622333333335e-05,
            "max": 0.0010590876200000003,
            "count": 205
        },
        "BombermanAgent.Policy.Beta.sum": {
            "value": 0.00012796867000000007,
            "min": 9.57402160000002e-05,
            "max": 0.00316495253,
            "count": 205
        },
        "BombermanAgent.IsTraining.mean": {
            "value": 1.0,
            "min": 1.0,
            "max": 1.0,
            "count": 205
        },
        "BombermanAgent.IsTraining.sum": {
            "value": 1.0,
            "min": 1.0,
            "max": 1.0,
            "count": 205
        }
    },
    "metadata": {
        "timer_format_version": "0.1.0",
        "start_time_seconds": "1717833263",
        "python_version": "3.7.9 (tags/v3.7.9:13c94747c7, Aug 17 2020, 18:58:18) [MSC v.1900 64 bit (AMD64)]",
        "command_line_arguments": "C:\\Users\\sasch\\AppData\\Local\\Programs\\Python\\Python37\\Scripts\\mlagents-learn Assets/config/Bomberman_configWall.yaml --run-id=BombermanAgentwalls --resume",
        "mlagents_version": "0.27.0",
        "mlagents_envs_version": "0.27.0",
        "communication_protocol_version": "1.5.0",
        "pytorch_version": "1.7.1+cu110",
        "numpy_version": "1.21.6",
        "end_time_seconds": "1717841681"
    },
    "total": 8418.0276483,
    "count": 1,
    "self": 0.00498419999894395,
    "children": {
        "run_training.setup": {
            "total": 0.09128739999999991,
            "count": 1,
            "self": 0.09128739999999991
        },
        "TrainerController.start_learning": {
            "total": 8417.9313767,
            "count": 1,
            "self": 20.092982100231893,
            "children": {
                "TrainerController._reset_env": {
                    "total": 8.042608099999999,
                    "count": 1,
                    "self": 8.042608099999999
                },
                "TrainerController.advance": {
                    "total": 8389.742227999766,
                    "count": 1139155,
                    "self": 17.96277330043995,
                    "children": {
                        "env_step": {
                            "total": 7756.539049499792,
                            "count": 1139155,
                            "self": 5957.9318941003985,
                            "children": {
                                "SubprocessEnvManager._take_step": {
                                    "total": 1785.6090990999903,
                                    "count": 1139155,
                                    "self": 65.94085799967502,
                                    "children": {
                                        "TorchPolicy.evaluate": {
                                            "total": 1719.6682411003153,
                                            "count": 1028030,
                                            "self": 925.2057157002737,
                                            "children": {
                                                "TorchPolicy.sample_actions": {
                                                    "total": 794.4625254000416,
                                                    "count": 1028030,
                                                    "self": 794.4625254000416
                                                }
                                            }
                                        }
                                    }
                                },
                                "workers": {
                                    "total": 12.998056299402514,
                                    "count": 1139154,
                                    "self": 0.0,